{
  "stein": "This is a Stein configuration file",
  "steinVersion": 7,
  "creation": "20221019-114031",
  "export": "20221024-141759",
  "systemUrl": "https://vega.github.io/falcon/flights-mapd/",
  "uploadUrl": "",
  "title": "Latency test: 7 millions flights",
  "description": "In the next steps, you will be asked to perform some operations on the visual interface, representing data on about 7 millions flights, and to answer some general questions and other questions linked to the perceived latency of the visual system (i.e, how much time was required in order to update the visual components after you did an interaction with it?)",
  "lastEditedFileName": "stein-main-config.json_q=1666264475502",
  "dataTypes": [
    {
      "name": "undefined",
      "toStringFunction": "(function(d){var result = d.toString();/*body-start*//*body-end*/;return result;})"
    }
  ],
  "events": [],
  "initialQuestions": [
    {
      "id": 1,
      "text": "How old are you?",
      "responseType": "multiple-choice",
      "options": [
        "Under 18",
        "18-24",
        "25-34",
        "35-44",
        "45-54",
        "More than 54"
      ],
      "images": [],
      "mandatory": true
    },
    {
      "id": 2,
      "text": "Select your gender:",
      "responseType": "multiple-choice",
      "options": [
        "Male",
        "Female"
      ],
      "images": [],
      "mandatory": true
    },
    {
      "id": 3,
      "text": "What is your degree?",
      "responseType": "multiple-choice",
      "options": [
        "Elementary School",
        "Middle School",
        "HIgh School",
        "Bachelor Degree",
        "Master Degree",
        "PhD"
      ],
      "images": [],
      "mandatory": true
    },
    {
      "id": 4,
      "text": "What is your knowledge about computer science ?",
      "responseType": "multiple-choice",
      "options": [
        "No knowledge at all",
        "Low ",
        "Intermediate ",
        "Good ",
        "Advanced "
      ],
      "images": [],
      "mandatory": true
    },
    {
      "id": 5,
      "text": "What is your knowledge about visualization systems ? (e.g. scatter plots, histograms, etc...)",
      "responseType": "multiple-choice",
      "options": [
        "No knowledge at all",
        "Low ",
        "Intermediate ",
        "Good ",
        "Advanced "
      ],
      "images": [],
      "mandatory": true
    },
    {
      "id": 6,
      "text": "Tutorial",
      "responseType": "image-multiple-choice",
      "options": [
        "This is an example of an interaction you can perform, the brushing: by clicking, holding the left mouse key and then releasing it, it is possible to select a range of flights from which getting the data we are interested on."
      ],
      "images": [
        "brush_example.gif"
      ],
      "mandatory": true
    }
  ],
  "systemQuestions": [
    {
      "id": 1,
      "text": "How many flights were longer than four and less than six hours (More than 240 minutes and less than 360 minutes)?",
      "responseType": "small-text",
      "options": [],
      "images": [],
      "dataType": "undefined",
      "beforeFunction": "(function(){/*body-start*//*Call this function to notify to Stein that the system is loaded.*/\nif(SteinLib) SteinLib.systemLoaded();/*body-end*/;})",
      "afterFunction": "(function(){/*body-start*//*body-end*/;})",
      "mandatory": true,
      "trackMouse": false,
      "trackMouseInterval": 200
    },
    {
      "id": 2,
      "text": "Which two-hour window (during time of day) contains more flights with longer arrival delays?",
      "responseType": "small-text",
      "options": [],
      "images": [],
      "dataType": "undefined",
      "beforeFunction": "(function(){/*body-start*//*Call this function to notify to Stein that the system is loaded.*/\nif(SteinLib) SteinLib.systemLoaded();/*body-end*/;})",
      "afterFunction": "(function(){/*body-start*//*body-end*/;})",
      "mandatory": true,
      "trackMouse": false,
      "trackMouseInterval": 200
    },
    {
      "id": 3,
      "text": "Which factors appear to have the greatest effect on the length of departure delays?",
      "responseType": "checkboxes",
      "options": [
        "Departure Time",
        "Arrival Time",
        "Distance in miles",
        "Airtime in minutes",
        "Flight date"
      ],
      "images": [],
      "dataType": "undefined",
      "beforeFunction": "(function(){/*body-start*//*Call this function to notify to Stein that the system is loaded.*/\nif(SteinLib) SteinLib.systemLoaded();/*body-end*/;})",
      "afterFunction": "(function(){/*body-start*//*body-end*/;})",
      "mandatory": true,
      "trackMouse": false,
      "trackMouseInterval": 200
    },
    {
      "id": 4,
      "text": "How do distance, departure delays, and both distance and departure delays together appear to affect arrival delays?",
      "responseType": "large-text",
      "options": [],
      "images": [],
      "dataType": "undefined",
      "beforeFunction": "(function(){/*body-start*//*Call this function to notify to Stein that the system is loaded.*/\nif(SteinLib) SteinLib.systemLoaded();/*body-end*/;})",
      "afterFunction": "(function(){/*body-start*//*body-end*/;})",
      "mandatory": true,
      "trackMouse": false,
      "trackMouseInterval": 200
    }
  ],
  "finalQuestions": [
    {
      "id": 1,
      "text": "How much latency did you perceive (i.e, how much time was required) to get an update in the visual system? (1st task)",
      "responseType": "multiple-choice",
      "options": [
        "No latency ",
        "Low",
        "High",
        "Very High "
      ],
      "images": [],
      "mandatory": true
    },
    {
      "id": 2,
      "text": "How much latency did you perceive (i.e, how much time was required) to get an update in the visual system? (2nd task)",
      "responseType": "multiple-choice",
      "options": [
        "No latency ",
        "Low",
        "High",
        "Very High "
      ],
      "images": [],
      "mandatory": true
    },
    {
      "id": 3,
      "text": "How much latency did you perceive (i.e, how much time was required) to get an update in the visual system? (3rd task)",
      "responseType": "multiple-choice",
      "options": [
        "No latency ",
        "Low",
        "High",
        "Very High "
      ],
      "images": [],
      "mandatory": true
    },
    {
      "id": 4,
      "text": "How much latency did you perceive (i.e, how much time was required) to get an update in the visual system? (4th task)",
      "responseType": "multiple-choice",
      "options": [
        "No latency ",
        "Low",
        "High",
        "Very High "
      ],
      "images": [],
      "mandatory": true
    }
  ]
}